{
    "levels": [
        {
            "npcs": [
                {
                    "classType": 0,
                    "level": 10,
                    "name": "铁匠巴里"
                },
                {
                    "classType": 0,
                    "level": 10,
                    "name": "商人特里"
                }
            ]
        },
        {
            "npcs": [
                {
                    "classType": 1,
                    "level": 20,
                    "name": "邪恶的埃里克"
                },
                {
                    "classType": 0,
                    "level": 5,
                    "name": "埃里克的助手1"
                },
                {
                    "classType": 0,
                    "level": 5,
                    "name": "埃里克的助手2"
                }
            ]
        }
    ],
    "player": {
        "classType": 2,
        "level": 15,
        "name": "张三"
    }
}
